{
    "original": {
        "total_time": 5.726699113845825,
        "individual_times": [
            0.09150838851928711,
            0.08902478218078613,
            0.07507634162902832,
            0.10865521430969238,
            0.09667301177978516,
            0.0835113525390625,
            0.08259916305541992,
            0.1031036376953125,
            0.11699414253234863,
            0.08340120315551758,
            0.08803725242614746,
            0.11835694313049316,
            0.07473397254943848,
            0.10362124443054199,
            0.07399964332580566,
            0.0729982852935791,
            0.08959507942199707,
            0.08152151107788086,
            0.08620405197143555,
            0.08334660530090332,
            0.08943772315979004,
            0.08462762832641602,
            0.09848308563232422,
            0.09043526649475098,
            0.08570718765258789,
            0.12794828414916992,
            0.09105753898620605,
            0.1105492115020752,
            0.11366057395935059,
            0.07361483573913574,
            0.09767961502075195,
            0.08968257904052734,
            0.10059571266174316,
            0.07871818542480469,
            0.09351968765258789,
            0.06782913208007812,
            0.07726120948791504,
            0.08254694938659668,
            0.08664774894714355,
            0.09645223617553711,
            0.09152841567993164,
            0.10452151298522949,
            0.08856582641601562,
            0.09151220321655273,
            0.08884310722351074,
            0.09080147743225098,
            0.0981593132019043,
            0.07763338088989258,
            0.08639264106750488,
            0.07242465019226074,
            0.10052180290222168,
            0.09660673141479492,
            0.039006948471069336,
            0.10153698921203613,
            0.09879946708679199,
            0.07140421867370605,
            0.0846259593963623,
            0.10672497749328613,
            0.08577728271484375,
            0.057993412017822266,
            0.08508825302124023,
            0.08346819877624512,
            0.08842206001281738,
            0.0969240665435791
        ],
        "f1_scores": [
            0.5,
            0.1818181818181818,
            0.28571428571428575,
            0.35294117647058826,
            0.4,
            0.4,
            0.5217391304347826,
            0.5454545454545454,
            0.75,
            0.2857142857142857,
            0.33333333333333337,
            0.6666666666666666,
            0.8571428571428571,
            0.19999999999999998,
            1.0,
            0.4,
            0.7272727272727273,
            0,
            0.6666666666666666,
            0.4444444444444444,
            1.0,
            0.33333333333333337,
            0.7027027027027027,
            0.8571428571428571,
            0.25,
            0,
            0.5714285714285715,
            0.7272727272727273,
            0.8,
            0.6666666666666666,
            0.3333333333333333,
            0.3333333333333333,
            0.4,
            0.5,
            0.5,
            0,
            0.7499999999999999,
            0.4,
            0.2,
            0.6,
            0,
            0.5454545454545454,
            0.7499999999999999,
            0.5,
            0.5,
            0.6,
            0.2222222222222222,
            0,
            1.0,
            0.4444444444444444,
            0.7272727272727273,
            1.0,
            0.6666666666666666,
            0.8,
            0.75,
            0,
            0.2857142857142857,
            0.6153846153846153,
            0.5714285714285715,
            0.5714285714285715,
            0,
            0.2222222222222222,
            0.3157894736842105,
            0.6666666666666666
        ]
    },
    "half_accuracy": {
        "total_time": 4.516747236251831,
        "individual_times": [
            0.07480597496032715,
            0.06377625465393066,
            0.06092214584350586,
            0.08451652526855469,
            0.07653188705444336,
            0.06862568855285645,
            0.06308865547180176,
            0.07851839065551758,
            0.08761954307556152,
            0.07524824142456055,
            0.06288862228393555,
            0.07569575309753418,
            0.07370543479919434,
            0.08160281181335449,
            0.05853271484375,
            0.06142830848693848,
            0.06942272186279297,
            0.05696725845336914,
            0.06174468994140625,
            0.12652134895324707,
            0.0667881965637207,
            0.07573723793029785,
            0.07857275009155273,
            0.07059907913208008,
            0.06564068794250488,
            0.07453536987304688,
            0.0715169906616211,
            0.08179640769958496,
            0.08350515365600586,
            0.06299686431884766,
            0.07351231575012207,
            0.07356429100036621,
            0.07277274131774902,
            0.05651497840881348,
            0.07385492324829102,
            0.0524296760559082,
            0.06050848960876465,
            0.06943368911743164,
            0.0650181770324707,
            0.06903576850891113,
            0.08253669738769531,
            0.13117766380310059,
            0.08483481407165527,
            0.08317780494689941,
            0.06201028823852539,
            0.0630185604095459,
            0.08501482009887695,
            0.06391215324401855,
            0.07000279426574707,
            0.05600142478942871,
            0.07451748847961426,
            0.06970858573913574,
            0.033666372299194336,
            0.08045768737792969,
            0.06764078140258789,
            0.057021141052246094,
            0.049002647399902344,
            0.08310198783874512,
            0.06708478927612305,
            0.03907608985900879,
            0.07498359680175781,
            0.059166908264160156,
            0.05868363380432129,
            0.06045174598693848
        ],
        "f1_scores": [
            0.14285714285714288,
            0.2,
            0.2,
            0.33333333333333337,
            0.2222222222222222,
            0.19999999999999998,
            0.3870967741935484,
            0.5454545454545454,
            0.75,
            0.16666666666666669,
            0.19999999999999998,
            0.25,
            0.42857142857142855,
            0.15384615384615385,
            0.5,
            0.2222222222222222,
            0.7499999999999999,
            0.19999999999999998,
            0.72,
            0.30769230769230765,
            0.2857142857142857,
            0.19999999999999998,
            0.6415094339622641,
            0.6,
            0.18181818181818182,
            0,
            0.2666666666666667,
            0.5714285714285715,
            0.6153846153846153,
            0.3636363636363636,
            0.3333333333333333,
            0.30769230769230765,
            0.13333333333333333,
            0.25,
            0.4,
            0.1111111111111111,
            0.6666666666666666,
            0.4,
            0.1818181818181818,
            0.5454545454545454,
            0.18181818181818182,
            0.5,
            0.5,
            0.13333333333333333,
            0.42857142857142855,
            0.4,
            0.18181818181818182,
            0.19999999999999998,
            0.19999999999999998,
            0.25,
            0.7272727272727273,
            0.7272727272727273,
            0.3333333333333333,
            0.6153846153846153,
            0.5454545454545454,
            0.16666666666666666,
            0.19999999999999998,
            0.6153846153846153,
            0.3076923076923077,
            0.7499999999999999,
            0,
            0.28571428571428575,
            0.2727272727272727,
            0.4
        ]
    },
    "bottom_50p": {
        "total_time": 4.8535988330841064,